{"acc": 0.8475723889327387, "loss": 0.1538459876674435, "_timestamp": 1686205091.125131, "_runtime": 24.945358991622925, "_step": 7, "_wandb": {"runtime": 18}}