{"fake_female": {"_type": "object3D-file", "sha256": "8118c905426f9e7e649dc83a9bbe7087c93b69b6cb7e124eb5d49cd4a2cfc117", "size": 209585, "path": "media/object3D/fake_female_0_8118c905426f9e7e649d.pts.json"}, "_timestamp": 1686386730.107527, "fake_male": {"_type": "object3D-file", "sha256": "d01659e6368306d4f2774e1f917365153a150d2d41c022d313a62e316ec64830", "size": 210977, "path": "media/object3D/fake_male_0_d01659e6368306d4f277.pts.json"}, "idx": 9, "D_loss": 0.5382210612297058, "loss_G_M": 0.25535154342651367, "loss_G_F": 0.28750258684158325, "cycle_loss": 0.43917688727378845, "G_loss": 0.982030987739563, "epoch": 1, "_runtime": 13.968713998794556, "_step": 19, "_wandb": {"runtime": 13}}