{"fake_female": {"_type": "object3D-file", "sha256": "6de368cbeb698273c5cf45d7f17a934ecefb54f0f983da0fa6aa871a0e0df19d", "size": 207539, "path": "media/object3D/fake_female_0_6de368cbeb698273c5cf.pts.json"}, "_timestamp": 1686311158.903094, "fake_male": {"_type": "object3D-file", "sha256": "4e95895be83da1f5f7988f03b461490f73235d059c986a728a97170421cff72e", "size": 207867, "path": "media/object3D/fake_male_0_4e95895be83da1f5f798.pts.json"}, "idx": 9, "D_loss": 0.5026513338088989, "loss_G_M": 0.16896548867225647, "loss_G_F": 0.24799665808677673, "cycle_loss": 2.469663619995117, "G_loss": 2.8866257667541504, "epoch": 3, "_runtime": 144.0961091518402, "_step": 39, "_wandb": {"runtime": 144}}