idx,D_loss,G_M_loss,G_F_loss,cycle_loss,G_loss,epoch
0,0.5188218355178833,0.29526495933532715,0.2310720980167389,0.5989974737167358,1.1253345012664795,0
1,0.5257042646408081,0.2539677619934082,0.2318427562713623,0.6266791820526123,1.1124897003173828,0
2,0.5318032503128052,0.230874702334404,0.28290191292762756,0.6341509819030762,1.1479275226593018,0
3,0.5014234185218811,0.27397584915161133,0.2811186909675598,0.6372931599617004,1.1923877000808716,0
4,0.5289953351020813,0.2643469274044037,0.2468460202217102,0.638056755065918,1.1492496728897095,0
5,0.5039058923721313,0.277067631483078,0.2589722275733948,0.6551353931427002,1.1911752223968506,0
6,0.47994759678840637,0.29023948311805725,0.24253469705581665,0.6614042520523071,1.1941784620285034,0
