{"fake_female": {"_type": "object3D-file", "sha256": "b8561c668bcb825026f635a5737115768efabdc76577a81926b2f178ea587cb0", "size": 209101, "path": "media/object3D/fake_female_0_b8561c668bcb825026f6.pts.json"}, "_timestamp": 1686386773.5116022, "fake_male": {"_type": "object3D-file", "sha256": "07f29ff4460c4c767d985b5eaa7cff498e698c07b2f236b4a807117fdd4f4760", "size": 213266, "path": "media/object3D/fake_male_0_07f29ff4460c4c767d98.pts.json"}, "idx": 9, "D_loss": 0.5137365460395813, "loss_G_M": 0.254285991191864, "loss_G_F": 0.26008573174476624, "cycle_loss": 0.5483220815658569, "G_loss": 1.0626938343048096, "epoch": 1, "_runtime": 13.486083269119263, "_step": 19, "_wandb": {"runtime": 13}}