meta:config.TRAIN_DIR='data/train',config.BATCH_SIZE=32,config.NUM_EPOCHS=50,config.LEARNING_RATE=0.001,config.LAMBDA_IDENTITY=0.0,10,50,config.LOAD_MODEL=False,config.N_POINTS=2048
idx,D_loss,G_M_loss,G_F_loss,cycle_loss,G_loss,epoch
0,0.5078210830688477,0.2711719274520874,0.24716126918792725,0.13024240732192993,0.6485756039619446,0
1,0.5168604850769043,0.27153852581977844,0.25137829780578613,0.1302385926246643,0.6531553864479065,0
2,0.509796142578125,0.254879355430603,0.2578914165496826,0.13023599982261658,0.6430068016052246,0
