{"fake_female": {"_type": "object3D-file", "sha256": "3f9ee151326b71f0e15d66114ea92e9998e8cde60b825ecc68ca81e8fc246068", "size": 208853, "path": "media/object3D/fake_female_0_3f9ee151326b71f0e15d.pts.json"}, "_timestamp": 1686386702.7379997, "fake_male": {"_type": "object3D-file", "sha256": "693f9254b75074dff1ee5a1f32b216c1e3b857ecd1d5abc0dc70a4614f361dc4", "size": 206763, "path": "media/object3D/fake_male_0_693f9254b75074dff1ee.pts.json"}, "idx": 10, "D_loss": 0.5111638903617859, "loss_G_M": 0.26826608180999756, "loss_G_F": 0.25241655111312866, "cycle_loss": 0.057029739022254944, "G_loss": 0.57771235704422, "epoch": 0, "_runtime": 9.538378715515137, "_step": 10}