{"fake_female": {"_type": "object3D-file", "sha256": "ab7b5a49807aeddb7c1e964c4612a21b8de2234f335326382f02e794a30685a9", "size": 210100, "path": "media/object3D/fake_female_0_ab7b5a49807aeddb7c1e.pts.json"}, "_timestamp": 1686312133.245615, "fake_male": {"_type": "object3D-file", "sha256": "63d2d752592977ad60aab9fcaa0633fc328a7258cdc115479e6ffed90bb011b7", "size": 208244, "path": "media/object3D/fake_male_0_63d2d752592977ad60aa.pts.json"}, "idx": 9, "D_loss": 0.5382408499717712, "loss_G_M": 0.22237899899482727, "loss_G_F": 0.33093124628067017, "cycle_loss": 1.8802986145019531, "G_loss": 2.4336090087890625, "epoch": 3, "_runtime": 186.15911412239075, "_step": 39, "_wandb": {"runtime": 186}}