{"fake_female": {"_type": "object3D-file", "sha256": "02a192bd3fc6ef544c5e87d53df6ae8f8555b244d370fd468f346ffdd9ad7de6", "size": 210383, "path": "media/object3D/fake_female_0_02a192bd3fc6ef544c5e.pts.json"}, "_timestamp": 1686310898.2339892, "fake_male": {"_type": "object3D-file", "sha256": "4611622d51f5c9bba854b354cd57ec9615977b8e66bf97abee8d813ac7c0a5e9", "size": 209810, "path": "media/object3D/fake_male_0_4611622d51f5c9bba854.pts.json"}, "idx": 9, "D_loss": 0.49963241815567017, "loss_G_M": 0.23488186299800873, "loss_G_F": 0.29455894231796265, "cycle_loss": 0.7675362229347229, "G_loss": 1.2969770431518555, "epoch": 1, "_runtime": 90.77144432067871, "_step": 19, "_wandb": {"runtime": 91}}