{"idx": 9, "D_loss": 0.5339419841766357, "loss_G_M": 0.23610258102416992, "loss_G_F": 0.2560535669326782, "cycle_loss": 0.1615021824836731, "G_loss": 0.6536583304405212, "epoch": 1, "_timestamp": 1686215095.76586, "_runtime": 109.93500018119812, "_step": 19, "_wandb": {"runtime": 109}}