{"fake_female": {"_type": "object3D-file", "sha256": "c0a4779e2b8a9f659f6e3460b4e6069be4e6583216421467cfea261c33e640d2", "size": 207949, "path": "media/object3D/fake_female_0_c0a4779e2b8a9f659f6e.pts.json"}, "_timestamp": 1686386597.8427253, "fake_male": {"_type": "object3D-file", "sha256": "62324ee2d978f79cd0600c961d102b8b2a12bd18a0e6b0985937c3217650fe28", "size": 207495, "path": "media/object3D/fake_male_0_62324ee2d978f79cd060.pts.json"}, "idx": 0, "D_loss": 0.5233559608459473, "loss_G_M": 0.27582624554634094, "loss_G_F": 0.2553621530532837, "cycle_loss": 0.21357479691505432, "G_loss": 0.7447631359100342, "epoch": 0, "_runtime": 6.238044261932373, "_step": 0}