{"fake_female": {"_type": "object3D-file", "sha256": "311ee43af0726cde48753e073d3758cdab96b4855e905b0ad67ee96b25deefab", "size": 184562, "path": "media/object3D/fake_female_0_311ee43af0726cde4875.pts.json"}, "_timestamp": 1686386226.0076706, "fake_male": {"_type": "object3D-file", "sha256": "afc14ee59f2deb95089f8b23fbc19cd8f3fed154d93e68aa6d26271450a276a7", "size": 189689, "path": "media/object3D/fake_male_0_afc14ee59f2deb95089f.pts.json"}, "idx": 0, "D_loss": 0.5318951606750488, "loss_G_M": 0.25350093841552734, "loss_G_F": 0.2903987169265747, "cycle_loss": 0.6890270113945007, "G_loss": 1.232926607131958, "epoch": 0, "_runtime": 11.43455171585083, "_step": 0}