{"idx": 9, "D_loss": 0.49236589670181274, "loss_G_M": 0.3021587133407593, "loss_G_F": 0.18097490072250366, "cycle_loss": 0.5395267009735107, "G_loss": 1.022660255432129, "epoch": 1, "_timestamp": 1686215306.613983, "_runtime": 111.1260199546814, "_step": 19, "_wandb": {"runtime": 111}}