{"idx": 9, "D_loss": 0.5257833003997803, "loss_G_M": 0.3128419518470764, "loss_G_F": 0.25625282526016235, "cycle_loss": 0.3476153016090393, "G_loss": 0.9167100787162781, "epoch": 1, "_timestamp": 1686216311.609917, "_runtime": 107.50655484199524, "_step": 19, "_wandb": {"runtime": 107}}